Model name,CR,AR,AV,SR
Buy & Hold,1.8875770629024349,0.11186832538584413,0.16648966126742415,0.6719235568997617
MLP(8-4-1),15.994105248207743,0.3274856355293712,0.1440420237158882,2.273542311341802
